{
  "version": 1,
  "revision": 1,
  "modules": [
    {
      "logical-name": "std",
      "source-path": "../share/libc++/v1/std.cppm",
      "is-std-library": true,
      "local-arguments": {
        "system-include-directories": [
          "../share/libc++/v1"
        ]
      }
    },
    {
      "logical-name": "std.compat",
      "source-path": "../share/libc++/v1/std.compat.cppm",
      "is-std-library": true,
      "local-arguments": {
        "system-include-directories": [
          "../share/libc++/v1"
        ]
      }
    }
  ]
}
